{
  "custom": {},
  "params": {},
  "props": {
    "defaultSize": {
      "width": 700
    }
  },
  "root": {
    "children": [
      {
        "meta": {
          "name": "HorizontalMenu"
        },
        "position": {
          "height": 50,
          "width": 600,
          "x": 100
        },
        "props": {
          "items": [
            {
              "enabled": true,
              "icon": {
                "color": "#000000",
                "path": "material/home"
              },
              "items": [],
              "label": "Control",
              "style": {
                "classes": ""
              },
              "target": "/Control"
            },
            {
              "enabled": false,
              "icon": {
                "color": "#000000",
                "path": "material/visibility"
              },
              "items": [],
              "label": "Supervisión",
              "style": {
                "classes": ""
              },
              "target": "/Supervision"
            },
            {
              "enabled": true,
              "icon": {
                "color": "#000000",
                "path": "material/history"
              },
              "items": [],
              "label": "Historicos",
              "style": {
                "classes": ""
              },
              "target": "/Historicos"
            },
            {
              "enabled": true,
              "icon": {
                "color": "#000000",
                "path": "material/notifications"
              },
              "items": [],
              "label": "Alarmas",
              "style": {
                "classes": ""
              },
              "target": "/Alarmas"
            },
            {
              "enabled": true,
              "icon": {
                "path": ""
              },
              "items": [],
              "label": "Info",
              "style": {
                "classes": ""
              },
              "target": "https://unal-apm-a3j-autoseats.github.io/Web-A3J-AUTOSEATS/"
            }
          ]
        },
        "type": "ia.navigation.horizontalmenu"
      },
      {
        "meta": {
          "name": "Image"
        },
        "position": {
          "height": 50,
          "width": 100
        },
        "props": {
          "fit": {
            "mode": "fill"
          },
          "source": "/system/images/Builtin/logo_small.png"
        },
        "type": "ia.display.image"
      },
      {
        "meta": {
          "name": "Label_1"
        },
        "position": {
          "height": 32,
          "width": 700,
          "y": 170
        },
        "props": {
          "text": "Supervisión de celda:",
          "textStyle": {
            "fontSize": 20,
            "fontWeight": "bold",
            "textAlign": "center"
          }
        },
        "type": "ia.display.label"
      },
      {
        "meta": {
          "name": "Label"
        },
        "position": {
          "height": 32,
          "width": 700,
          "y": 80
        },
        "props": {
          "text": "SCADA Celda Inyección PU - A3J Autoseats",
          "textStyle": {
            "fontSize": 25,
            "fontWeight": "bold",
            "textAlign": "center"
          }
        },
        "type": "ia.display.label"
      },
      {
        "meta": {
          "name": "Label_0"
        },
        "position": {
          "height": 32,
          "width": 700,
          "y": 112
        },
        "props": {
          "text": "Proyecto APM - 2022-I",
          "textStyle": {
            "fontSize": 20,
            "fontWeight": "bold",
            "textAlign": "center"
          }
        },
        "type": "ia.display.label"
      },
      {
        "meta": {
          "name": "Label_2"
        },
        "position": {
          "height": 32,
          "width": 253,
          "x": 66,
          "y": 260
        },
        "props": {
          "text": "Actuadores:",
          "textStyle": {
            "fontSize": 20,
            "fontWeight": "bold",
            "textAlign": "center"
          }
        },
        "type": "ia.display.label"
      },
      {
        "meta": {
          "name": "Label_3"
        },
        "position": {
          "height": 32,
          "width": 253,
          "x": 388.5,
          "y": 269.20000610351565
        },
        "props": {
          "text": "Cinemática",
          "textStyle": {
            "fontSize": 20,
            "fontWeight": "bold",
            "textAlign": "center"
          }
        },
        "type": "ia.display.label"
      },
      {
        "meta": {
          "name": "Pump_0"
        },
        "position": {
          "height": 100,
          "width": 125,
          "x": 208,
          "y": 328
        },
        "propConfig": {
          "props.style.fill": {
            "binding": {
              "config": {
                "fallbackDelay": 2.5,
                "mode": "direct",
                "tagPath": "[default]APM_Proyecto/Celda_Inyeccion_PU/PU_Act_Eyector"
              },
              "transforms": [
                {
                  "fallback": "#000000",
                  "inputType": "scalar",
                  "mappings": [
                    {
                      "input": true,
                      "output": "#00FF00"
                    },
                    {
                      "input": false,
                      "output": "#FF0000"
                    }
                  ],
                  "outputType": "color",
                  "type": "map"
                }
              ],
              "type": "tag"
            }
          },
          "props.value.text": {
            "binding": {
              "config": {
                "fallbackDelay": 2.5,
                "mode": "direct",
                "tagPath": "[default]APM_Proyecto/Celda_Inyeccion_PU/PU_Act_Eyector"
              },
              "transforms": [
                {
                  "fallback": null,
                  "inputType": "scalar",
                  "mappings": [
                    {
                      "input": true,
                      "output": "Activado"
                    },
                    {
                      "input": false,
                      "output": "Desactivado"
                    }
                  ],
                  "outputType": "scalar",
                  "type": "map"
                }
              ],
              "type": "tag"
            }
          }
        },
        "props": {
          "appearance": "mimic",
          "label": {
            "text": "Limpieza interna"
          },
          "value": {},
          "variant": "vacuum"
        },
        "type": "ia.symbol.pump"
      },
      {
        "meta": {
          "name": "Pump"
        },
        "position": {
          "height": 100,
          "width": 125,
          "x": 50,
          "y": 327
        },
        "propConfig": {
          "props.style.fill": {
            "binding": {
              "config": {
                "fallbackDelay": 2.5,
                "mode": "direct",
                "tagPath": "[default]APM_Proyecto/Celda_Inyeccion_PU/PU_Act_Inyector"
              },
              "transforms": [
                {
                  "fallback": "#000000",
                  "inputType": "scalar",
                  "mappings": [
                    {
                      "input": true,
                      "output": "#00FF00"
                    },
                    {
                      "input": false,
                      "output": "#FF0000"
                    }
                  ],
                  "outputType": "color",
                  "type": "map"
                }
              ],
              "type": "tag"
            }
          },
          "props.value.text": {
            "binding": {
              "config": {
                "fallbackDelay": 2.5,
                "mode": "direct",
                "tagPath": "[default]APM_Proyecto/Celda_Inyeccion_PU/PU_Act_Inyector"
              },
              "transforms": [
                {
                  "fallback": null,
                  "inputType": "scalar",
                  "mappings": [
                    {
                      "input": true,
                      "output": "Activado"
                    },
                    {
                      "input": false,
                      "output": "Desactivado"
                    }
                  ],
                  "outputType": "scalar",
                  "type": "map"
                }
              ],
              "type": "tag"
            }
          }
        },
        "props": {
          "appearance": "mimic",
          "label": {
            "text": "Inyección PU"
          },
          "value": {}
        },
        "type": "ia.symbol.pump"
      },
      {
        "meta": {
          "name": "Label_4"
        },
        "position": {
          "height": 32,
          "width": 253,
          "x": 66,
          "y": 478
        },
        "props": {
          "text": "Sensores:",
          "textStyle": {
            "fontSize": 20,
            "fontWeight": "bold",
            "textAlign": "center"
          }
        },
        "type": "ia.display.label"
      },
      {
        "meta": {
          "name": "Sensor"
        },
        "position": {
          "height": 100,
          "width": 119,
          "x": 50,
          "y": 531.6
        },
        "propConfig": {
          "props.style.fill": {
            "binding": {
              "config": {
                "fallbackDelay": 2.5,
                "mode": "direct",
                "tagPath": "[default]APM_Proyecto/Celda_Inyeccion_PU/PU_Sensor_Pos_ME_1"
              },
              "transforms": [
                {
                  "fallback": "#000000",
                  "inputType": "range",
                  "mappings": [
                    {
                      "input": {
                        "max": 2,
                        "min": 0
                      },
                      "output": "#FF0000"
                    },
                    {
                      "input": {
                        "max": 88,
                        "min": 2
                      },
                      "output": "#EDBE22"
                    },
                    {
                      "input": {
                        "max": 90,
                        "min": 88
                      },
                      "output": "#00FF00"
                    }
                  ],
                  "outputType": "color",
                  "type": "map"
                }
              ],
              "type": "tag"
            }
          },
          "props.value.text": {
            "binding": {
              "config": {
                "fallbackDelay": 2.5,
                "mode": "direct",
                "publishInitial": false,
                "tagPath": "[default]APM_Proyecto/Celda_Inyeccion_PU/PU_Sensor_Pos_ME_1"
              },
              "type": "tag"
            }
          }
        },
        "props": {
          "appearance": "mimic",
          "label": {
            "location": "bottom",
            "text": "Molde espaldar 1"
          },
          "value": {}
        },
        "type": "ia.symbol.sensor"
      },
      {
        "meta": {
          "name": "Sensor_0"
        },
        "position": {
          "height": 100,
          "width": 119,
          "x": 201,
          "y": 532.6
        },
        "propConfig": {
          "props.style.fill": {
            "binding": {
              "config": {
                "fallbackDelay": 2.5,
                "mode": "direct",
                "tagPath": "[default]APM_Proyecto/Celda_Inyeccion_PU/PU_Sensor_Pos_ME_2"
              },
              "transforms": [
                {
                  "fallback": "#000000",
                  "inputType": "range",
                  "mappings": [
                    {
                      "input": {
                        "max": 2,
                        "min": 0
                      },
                      "output": "#FF0000"
                    },
                    {
                      "input": {
                        "exclusiveMax": true,
                        "exclusiveMin": true,
                        "max": 88,
                        "min": 2
                      },
                      "output": "#EDBE22"
                    },
                    {
                      "input": {
                        "max": 90,
                        "min": 88
                      },
                      "output": "#00FF00"
                    }
                  ],
                  "outputType": "color",
                  "type": "map"
                }
              ],
              "type": "tag"
            }
          },
          "props.value.text": {
            "binding": {
              "config": {
                "fallbackDelay": 2.5,
                "mode": "direct",
                "publishInitial": false,
                "tagPath": "[default]APM_Proyecto/Celda_Inyeccion_PU/PU_Sensor_Pos_ME_2"
              },
              "type": "tag"
            }
          }
        },
        "props": {
          "appearance": "mimic",
          "label": {
            "location": "bottom",
            "text": "Molde espaldar 2"
          },
          "value": {}
        },
        "type": "ia.symbol.sensor"
      },
      {
        "meta": {
          "name": "Sensor_1"
        },
        "position": {
          "height": 100,
          "width": 119,
          "x": 201,
          "y": 652.6
        },
        "propConfig": {
          "props.style.fill": {
            "binding": {
              "config": {
                "fallbackDelay": 2.5,
                "mode": "direct",
                "tagPath": "[default]APM_Proyecto/Celda_Inyeccion_PU/PU_Sensor_Pos_MC_2"
              },
              "transforms": [
                {
                  "fallback": "#000000",
                  "inputType": "range",
                  "mappings": [
                    {
                      "input": {
                        "max": 2,
                        "min": 0
                      },
                      "output": "#FF0000"
                    },
                    {
                      "input": {
                        "exclusiveMax": true,
                        "exclusiveMin": true,
                        "max": 88,
                        "min": 2
                      },
                      "output": "#EDBE22"
                    },
                    {
                      "input": {
                        "max": 90,
                        "min": 88
                      },
                      "output": "#00FF00"
                    }
                  ],
                  "outputType": "color",
                  "type": "map"
                }
              ],
              "type": "tag"
            }
          },
          "props.value.text": {
            "binding": {
              "config": {
                "fallbackDelay": 2.5,
                "mode": "direct",
                "publishInitial": false,
                "tagPath": "[default]APM_Proyecto/Celda_Inyeccion_PU/PU_Sensor_Pos_MC_2"
              },
              "type": "tag"
            }
          }
        },
        "props": {
          "appearance": "mimic",
          "label": {
            "location": "bottom",
            "text": "Molde cojín 2"
          },
          "value": {}
        },
        "type": "ia.symbol.sensor"
      },
      {
        "meta": {
          "name": "Sensor_2"
        },
        "position": {
          "height": 100,
          "width": 119,
          "x": 50,
          "y": 651.6
        },
        "propConfig": {
          "props.style.fill": {
            "binding": {
              "config": {
                "fallbackDelay": 2.5,
                "mode": "direct",
                "tagPath": "[default]APM_Proyecto/Celda_Inyeccion_PU/PU_Sensor_Pos_MC_1"
              },
              "transforms": [
                {
                  "fallback": "#000000",
                  "inputType": "range",
                  "mappings": [
                    {
                      "input": {
                        "max": 2,
                        "min": 0
                      },
                      "output": "#FF0000"
                    },
                    {
                      "input": {
                        "exclusiveMax": true,
                        "exclusiveMin": true,
                        "max": 88,
                        "min": 2
                      },
                      "output": "#EDBE22"
                    },
                    {
                      "input": {
                        "max": 90,
                        "min": 88
                      },
                      "output": "#00FF00"
                    }
                  ],
                  "outputType": "color",
                  "type": "map"
                }
              ],
              "type": "tag"
            }
          },
          "props.value.text": {
            "binding": {
              "config": {
                "fallbackDelay": 2.5,
                "mode": "direct",
                "publishInitial": false,
                "tagPath": "[default]APM_Proyecto/Celda_Inyeccion_PU/PU_Sensor_Pos_MC_1"
              },
              "type": "tag"
            }
          }
        },
        "props": {
          "appearance": "mimic",
          "label": {
            "location": "bottom",
            "text": "Molde cojín 1"
          },
          "value": {}
        },
        "type": "ia.symbol.sensor"
      },
      {
        "meta": {
          "name": "Image_0"
        },
        "position": {
          "height": 250,
          "width": 250,
          "x": 391.5,
          "y": 300.8000061035156
        },
        "props": {
          "fit": {
            "mode": "fill"
          },
          "source": "/system/images/Builtin/GL_Maquina_Inyectora.png"
        },
        "type": "ia.display.image"
      },
      {
        "meta": {
          "name": "LedDisplay"
        },
        "position": {
          "height": 32,
          "width": 128,
          "x": 452.5,
          "y": 577.8
        },
        "propConfig": {
          "props.value": {
            "binding": {
              "config": {
                "fallbackDelay": 2.5,
                "mode": "direct",
                "publishInitial": false,
                "tagPath": "[default]APM_Proyecto/Celda_Inyeccion_PU/PU_Sensor_Pos_R1"
              },
              "type": "tag"
            }
          }
        },
        "props": {
          "backgroundColor": "#FFFFFF00",
          "diodeOffColor": "#FFFFFF00",
          "diodeOnColor": "#000000",
          "segmentFormat": "7 segment"
        },
        "type": "ia.display.led-display"
      },
      {
        "meta": {
          "name": "Label_5"
        },
        "position": {
          "height": 35,
          "width": 48,
          "x": 404.5,
          "y": 577.2
        },
        "props": {
          "text": "R1:",
          "textStyle": {
            "fontSize": 25,
            "fontWeight": "bold"
          }
        },
        "type": "ia.display.label"
      },
      {
        "meta": {
          "name": "Label_6"
        },
        "position": {
          "height": 35,
          "width": 48,
          "x": 580.5,
          "y": 566.4
        },
        "props": {
          "text": "°",
          "textStyle": {
            "fontSize": 25,
            "fontWeight": "bold"
          }
        },
        "type": "ia.display.label"
      },
      {
        "meta": {
          "name": "Label_7"
        },
        "position": {
          "height": 35,
          "width": 48,
          "x": 404.5,
          "y": 620
        },
        "props": {
          "text": "R2:",
          "textStyle": {
            "fontSize": 25,
            "fontWeight": "bold"
          }
        },
        "type": "ia.display.label"
      },
      {
        "meta": {
          "name": "LedDisplay_0"
        },
        "position": {
          "height": 32,
          "width": 128,
          "x": 452.5,
          "y": 620.6
        },
        "propConfig": {
          "props.value": {
            "binding": {
              "config": {
                "fallbackDelay": 2.5,
                "mode": "direct",
                "publishInitial": false,
                "tagPath": "[default]APM_Proyecto/Celda_Inyeccion_PU/PU_Sensor_Pos_R2"
              },
              "type": "tag"
            }
          }
        },
        "props": {
          "backgroundColor": "#FFFFFF00",
          "diodeOffColor": "#FFFFFF00",
          "diodeOnColor": "#000000",
          "segmentFormat": "7 segment"
        },
        "type": "ia.display.led-display"
      },
      {
        "meta": {
          "name": "Label_8"
        },
        "position": {
          "height": 35,
          "width": 48,
          "x": 580.5,
          "y": 609.2
        },
        "props": {
          "text": "°",
          "textStyle": {
            "fontSize": 25,
            "fontWeight": "bold"
          }
        },
        "type": "ia.display.label"
      },
      {
        "meta": {
          "name": "Label_9"
        },
        "position": {
          "height": 35,
          "width": 48,
          "x": 404.5,
          "y": 663.2
        },
        "props": {
          "text": "R3:",
          "textStyle": {
            "fontSize": 25,
            "fontWeight": "bold"
          }
        },
        "type": "ia.display.label"
      },
      {
        "meta": {
          "name": "LedDisplay_1"
        },
        "position": {
          "height": 32,
          "width": 128,
          "x": 452.5,
          "y": 663.8
        },
        "propConfig": {
          "props.value": {
            "binding": {
              "config": {
                "fallbackDelay": 2.5,
                "mode": "direct",
                "publishInitial": false,
                "tagPath": "[default]APM_Proyecto/Celda_Inyeccion_PU/PU_Sensor_Pos_R3"
              },
              "type": "tag"
            }
          }
        },
        "props": {
          "backgroundColor": "#FFFFFF00",
          "diodeOffColor": "#FFFFFF00",
          "diodeOnColor": "#000000",
          "segmentFormat": "7 segment"
        },
        "type": "ia.display.led-display"
      },
      {
        "meta": {
          "name": "Label_10"
        },
        "position": {
          "height": 35,
          "width": 48,
          "x": 580.5,
          "y": 652.4
        },
        "props": {
          "text": "°",
          "textStyle": {
            "fontSize": 25,
            "fontWeight": "bold"
          }
        },
        "type": "ia.display.label"
      }
    ],
    "meta": {
      "name": "root"
    },
    "type": "ia.container.coord"
  }
}