{
  "custom": {},
  "params": {},
  "props": {
    "defaultSize": {
      "width": 700
    }
  },
  "root": {
    "children": [
      {
        "meta": {
          "name": "HorizontalMenu"
        },
        "position": {
          "height": 50,
          "width": 600,
          "x": 100
        },
        "props": {
          "items": [
            {
              "enabled": true,
              "icon": {
                "color": "#000000",
                "path": "material/home"
              },
              "items": [],
              "label": "Control",
              "style": {
                "classes": ""
              },
              "target": "/Control"
            },
            {
              "enabled": false,
              "icon": {
                "color": "#000000",
                "path": "material/visibility"
              },
              "items": [],
              "label": "Supervisión",
              "style": {
                "classes": ""
              },
              "target": "/Supervision"
            },
            {
              "enabled": true,
              "icon": {
                "color": "#000000",
                "path": "material/history"
              },
              "items": [],
              "label": "Historicos",
              "style": {
                "classes": ""
              },
              "target": "/Historicos"
            },
            {
              "enabled": true,
              "icon": {
                "color": "#000000",
                "path": "material/notifications"
              },
              "items": [],
              "label": "Alarmas",
              "style": {
                "classes": ""
              },
              "target": "/Alarmas"
            },
            {
              "enabled": true,
              "icon": {
                "path": ""
              },
              "items": [],
              "label": "Info",
              "style": {
                "classes": ""
              },
              "target": "https://unal-apm-a3j-autoseats.github.io/Web-A3J-AUTOSEATS/"
            }
          ]
        },
        "type": "ia.navigation.horizontalmenu"
      },
      {
        "meta": {
          "name": "Image"
        },
        "position": {
          "height": 50,
          "width": 100
        },
        "props": {
          "fit": {
            "mode": "fill"
          },
          "source": "/system/images/Builtin/logo_small.png"
        },
        "type": "ia.display.image"
      },
      {
        "meta": {
          "name": "Label_1"
        },
        "position": {
          "height": 32,
          "width": 700,
          "y": 170
        },
        "props": {
          "text": "Supervisión de celda:",
          "textStyle": {
            "fontSize": 20,
            "fontWeight": "bold",
            "textAlign": "center"
          }
        },
        "type": "ia.display.label"
      },
      {
        "meta": {
          "name": "Label_0"
        },
        "position": {
          "height": 32,
          "width": 700,
          "y": 112
        },
        "props": {
          "text": "Proyecto APM - 2022-I",
          "textStyle": {
            "fontSize": 20,
            "fontWeight": "bold",
            "textAlign": "center"
          }
        },
        "type": "ia.display.label"
      },
      {
        "meta": {
          "name": "Label_2"
        },
        "position": {
          "height": 32,
          "width": 700,
          "y": 256
        },
        "props": {
          "text": "Actuadores:",
          "textStyle": {
            "fontSize": 20,
            "fontWeight": "bold",
            "textAlign": "center"
          }
        },
        "type": "ia.display.label"
      },
      {
        "meta": {
          "name": "Label_4"
        },
        "position": {
          "height": 32,
          "width": 700,
          "y": 474
        },
        "props": {
          "text": "Sensores:",
          "textStyle": {
            "fontSize": 20,
            "fontWeight": "bold",
            "textAlign": "center"
          }
        },
        "type": "ia.display.label"
      },
      {
        "meta": {
          "name": "Sensor"
        },
        "position": {
          "height": 100,
          "width": 119,
          "x": 165.5,
          "y": 529
        },
        "propConfig": {
          "props.style.fill": {
            "binding": {
              "config": {
                "fallbackDelay": 2.5,
                "mode": "direct",
                "tagPath": "[default]APM_Proyecto/Celda_Extruccion_PP/PP_Sensor_Banda_Salida"
              },
              "transforms": [
                {
                  "fallback": "#000000",
                  "inputType": "scalar",
                  "mappings": [
                    {
                      "input": true,
                      "output": "#00AC00"
                    },
                    {
                      "input": false,
                      "output": "#FF0000"
                    }
                  ],
                  "outputType": "color",
                  "type": "map"
                }
              ],
              "type": "tag"
            }
          }
        },
        "props": {
          "appearance": "mimic",
          "label": {
            "location": "bottom",
            "text": "Banda salida"
          },
          "value": {
            "location": "bottom",
            "text": ""
          }
        },
        "type": "ia.symbol.sensor"
      },
      {
        "meta": {
          "name": "Sensor_0"
        },
        "position": {
          "height": 100,
          "width": 119,
          "x": 290.5,
          "y": 529
        },
        "propConfig": {
          "props.style.fill": {
            "binding": {
              "config": {
                "fallbackDelay": 2.5,
                "mode": "direct",
                "tagPath": "[default]APM_Proyecto/Celda_Extruccion_PP/PP_Sensor_Molde_Abierto"
              },
              "transforms": [
                {
                  "fallback": "#000000",
                  "inputType": "scalar",
                  "mappings": [
                    {
                      "input": true,
                      "output": "#00AC00"
                    },
                    {
                      "input": false,
                      "output": "#FF0000"
                    }
                  ],
                  "outputType": "color",
                  "type": "map"
                }
              ],
              "type": "tag"
            }
          }
        },
        "props": {
          "appearance": "mimic",
          "label": {
            "location": "bottom",
            "text": "Molde abierto"
          },
          "value": {
            "location": "bottom",
            "text": ""
          }
        },
        "type": "ia.symbol.sensor"
      },
      {
        "meta": {
          "name": "Sensor_2"
        },
        "position": {
          "height": 100,
          "width": 119,
          "x": 415.5,
          "y": 529
        },
        "propConfig": {
          "props.style.fill": {
            "binding": {
              "config": {
                "fallbackDelay": 2.5,
                "mode": "direct",
                "tagPath": "[default]APM_Proyecto/Celda_Extruccion_PP/PP_Sensor_Molde_Cerrado"
              },
              "transforms": [
                {
                  "fallback": "#000000",
                  "inputType": "scalar",
                  "mappings": [
                    {
                      "input": true,
                      "output": "#00AC00"
                    },
                    {
                      "input": false,
                      "output": "#FF0000"
                    }
                  ],
                  "outputType": "color",
                  "type": "map"
                }
              ],
              "type": "tag"
            }
          }
        },
        "props": {
          "appearance": "mimic",
          "label": {
            "location": "bottom",
            "text": "Molde cerrado"
          },
          "value": {
            "location": "bottom",
            "text": ""
          }
        },
        "type": "ia.symbol.sensor"
      },
      {
        "meta": {
          "name": "Motor"
        },
        "position": {
          "height": 100,
          "width": 100,
          "x": 167.5,
          "y": 311.6
        },
        "propConfig": {
          "props.style.fill": {
            "binding": {
              "config": {
                "fallbackDelay": 2.5,
                "mode": "direct",
                "tagPath": "[default]APM_Proyecto/Celda_Extruccion_PP/PP_Banda"
              },
              "transforms": [
                {
                  "fallback": "#000000",
                  "inputType": "scalar",
                  "mappings": [
                    {
                      "input": true,
                      "output": "#00AC00"
                    },
                    {
                      "input": false,
                      "output": "#FF0000"
                    }
                  ],
                  "outputType": "color",
                  "type": "map"
                }
              ],
              "type": "tag"
            }
          },
          "props.value.text": {
            "binding": {
              "config": {
                "fallbackDelay": 2.5,
                "mode": "direct",
                "tagPath": "[default]APM_Proyecto/Celda_Extruccion_PP/PP_Banda"
              },
              "transforms": [
                {
                  "fallback": null,
                  "inputType": "scalar",
                  "mappings": [
                    {
                      "input": true,
                      "output": "Activada"
                    },
                    {
                      "input": false,
                      "output": "Desactivada"
                    }
                  ],
                  "outputType": "scalar",
                  "type": "map"
                }
              ],
              "type": "tag"
            }
          }
        },
        "props": {
          "appearance": "mimic",
          "label": {
            "text": "Banda salida"
          },
          "value": {}
        },
        "type": "ia.symbol.motor"
      },
      {
        "meta": {
          "name": "Motor_0"
        },
        "position": {
          "height": 100,
          "width": 115,
          "x": 292.5,
          "y": 311.6
        },
        "propConfig": {
          "props.style.fill": {
            "binding": {
              "config": {
                "fallbackDelay": 2.5,
                "mode": "direct",
                "tagPath": "[default]APM_Proyecto/Celda_Extruccion_PP/PP_Tornillo_Ext"
              },
              "transforms": [
                {
                  "fallback": "#000000",
                  "inputType": "range",
                  "mappings": [
                    {
                      "input": {
                        "max": 60,
                        "min": 60
                      },
                      "output": "#00AC00"
                    },
                    {
                      "input": {
                        "max": 0,
                        "min": 0
                      },
                      "output": "#FF0000"
                    }
                  ],
                  "outputType": "color",
                  "type": "map"
                }
              ],
              "type": "tag"
            }
          },
          "props.value.text": {
            "binding": {
              "config": {
                "fallbackDelay": 2.5,
                "mode": "direct",
                "tagPath": "[default]APM_Proyecto/Celda_Extruccion_PP/PP_Tornillo_Ext"
              },
              "transforms": [
                {
                  "fallback": "???",
                  "inputType": "range",
                  "mappings": [
                    {
                      "input": {
                        "max": 60,
                        "min": 60
                      },
                      "output": "Activado"
                    },
                    {
                      "input": {
                        "max": 0,
                        "min": 0
                      },
                      "output": "Desactivado"
                    }
                  ],
                  "outputType": "scalar",
                  "type": "map"
                }
              ],
              "type": "tag"
            }
          }
        },
        "props": {
          "appearance": "mimic",
          "label": {
            "text": "Tornillo extrusor"
          },
          "value": {}
        },
        "type": "ia.symbol.motor"
      },
      {
        "meta": {
          "name": "Motor_1"
        },
        "position": {
          "height": 100,
          "width": 115,
          "x": 417.5,
          "y": 311.6
        },
        "propConfig": {
          "props.style.fill": {
            "binding": {
              "config": {
                "fallbackDelay": 2.5,
                "mode": "direct",
                "tagPath": "[default]APM_Proyecto/Celda_Extruccion_PP/PP_Pos_Molde"
              },
              "transforms": [
                {
                  "fallback": "#000000",
                  "inputType": "range",
                  "mappings": [
                    {
                      "input": {
                        "max": 203,
                        "min": 201
                      },
                      "output": "#00AC00"
                    },
                    {
                      "input": {
                        "max": 201,
                        "min": 2
                      },
                      "output": "#EDBE22"
                    },
                    {
                      "input": {
                        "max": 2,
                        "min": 0
                      },
                      "output": "#FF0000"
                    }
                  ],
                  "outputType": "color",
                  "type": "map"
                }
              ],
              "type": "tag"
            }
          },
          "props.value.text": {
            "binding": {
              "config": {
                "fallbackDelay": 2.5,
                "mode": "direct",
                "tagPath": "[default]APM_Proyecto/Celda_Extruccion_PP/PP_Pos_Molde"
              },
              "transforms": [
                {
                  "fallback": "???",
                  "inputType": "range",
                  "mappings": [
                    {
                      "input": {
                        "max": 203,
                        "min": 201
                      },
                      "output": "Cerrado"
                    },
                    {
                      "input": {
                        "max": 201,
                        "min": 2
                      },
                      "output": "Moviendose"
                    },
                    {
                      "input": {
                        "max": 2,
                        "min": 0
                      },
                      "output": "Abierto"
                    }
                  ],
                  "outputType": "scalar",
                  "type": "map"
                }
              ],
              "type": "tag"
            }
          }
        },
        "props": {
          "appearance": "mimic",
          "label": {
            "text": "Molde"
          },
          "value": {}
        },
        "type": "ia.symbol.motor"
      },
      {
        "meta": {
          "name": "Label"
        },
        "position": {
          "height": 32,
          "width": 700,
          "y": 80
        },
        "props": {
          "text": "SCADA Celda Extrucción PP - A3J Autoseats",
          "textStyle": {
            "fontSize": 25,
            "fontWeight": "bold",
            "textAlign": "center"
          }
        },
        "type": "ia.display.label"
      }
    ],
    "meta": {
      "name": "root"
    },
    "type": "ia.container.coord"
  }
}