{
  "custom": {},
  "params": {},
  "props": {
    "defaultSize": {
      "width": 700
    }
  },
  "root": {
    "children": [
      {
        "meta": {
          "name": "HorizontalMenu"
        },
        "position": {
          "height": 50,
          "width": 600,
          "x": 100
        },
        "props": {
          "items": [
            {
              "enabled": true,
              "icon": {
                "color": "#000000",
                "path": "material/home"
              },
              "items": [],
              "label": "Control",
              "style": {
                "classes": ""
              },
              "target": "/Control"
            },
            {
              "enabled": true,
              "icon": {
                "color": "#000000",
                "path": "material/visibility"
              },
              "items": [],
              "label": "Supervisión",
              "style": {
                "classes": ""
              },
              "target": "/Supervision"
            },
            {
              "enabled": true,
              "icon": {
                "color": "#000000",
                "path": "material/history"
              },
              "items": [],
              "label": "Historicos",
              "style": {
                "classes": ""
              },
              "target": "/Historicos"
            },
            {
              "enabled": false,
              "icon": {
                "color": "#000000",
                "path": "material/notifications"
              },
              "items": [],
              "label": "Alarmas",
              "style": {
                "classes": ""
              },
              "target": "/Alarmas"
            },
            {
              "enabled": true,
              "icon": {
                "path": ""
              },
              "items": [],
              "label": "Info",
              "style": {
                "classes": ""
              },
              "target": "https://unal-apm-a3j-autoseats.github.io/Web-A3J-AUTOSEATS/"
            }
          ]
        },
        "type": "ia.navigation.horizontalmenu"
      },
      {
        "meta": {
          "name": "Image"
        },
        "position": {
          "height": 50,
          "width": 100
        },
        "props": {
          "fit": {
            "mode": "fill"
          },
          "source": "/system/images/Builtin/logo_small.png"
        },
        "type": "ia.display.image"
      },
      {
        "meta": {
          "name": "Label_1"
        },
        "position": {
          "height": 32,
          "width": 700,
          "y": 170
        },
        "props": {
          "text": "Alarmas de celda:",
          "textStyle": {
            "fontSize": 20,
            "fontWeight": "bold",
            "textAlign": "center"
          }
        },
        "type": "ia.display.label"
      },
      {
        "meta": {
          "name": "Label_0"
        },
        "position": {
          "height": 32,
          "width": 700,
          "y": 112
        },
        "props": {
          "text": "Proyecto APM - 2022-I",
          "textStyle": {
            "fontSize": 20,
            "fontWeight": "bold",
            "textAlign": "center"
          }
        },
        "type": "ia.display.label"
      },
      {
        "meta": {
          "name": "AlarmStatusTable"
        },
        "position": {
          "height": 550,
          "width": 700,
          "y": 212
        },
        "props": {
          "activeSortOrder": [
            "activeTime"
          ],
          "columns": {
            "active": {
              "activeTime": {
                "sort": "descending",
                "width": 70
              },
              "displayPath": {
                "enabled": false,
                "order": 5
              },
              "label": {
                "enabled": true,
                "order": 3
              },
              "name": {
                "order": 1
              },
              "priority": {
                "width": 50
              },
              "source": {
                "enabled": false,
                "order": 6
              },
              "state": {
                "enabled": false,
                "order": 4
              }
            }
          },
          "filters": {
            "active": {
              "conditions": {
                "displayPath": "Celda_Extruccion_PP"
              }
            }
          }
        },
        "type": "ia.display.alarmstatustable"
      },
      {
        "meta": {
          "name": "Label"
        },
        "position": {
          "height": 32,
          "width": 700,
          "y": 80
        },
        "props": {
          "text": "SCADA Celda Extrucción PP - A3J Autoseats",
          "textStyle": {
            "fontSize": 25,
            "fontWeight": "bold",
            "textAlign": "center"
          }
        },
        "type": "ia.display.label"
      }
    ],
    "meta": {
      "name": "root"
    },
    "position": {
      "x": -108,
      "y": -59
    },
    "type": "ia.container.coord"
  }
}