{
  "custom": {},
  "params": {},
  "props": {
    "defaultSize": {
      "width": 700
    }
  },
  "root": {
    "children": [
      {
        "meta": {
          "name": "HorizontalMenu"
        },
        "position": {
          "height": 50,
          "width": 600,
          "x": 100
        },
        "props": {
          "items": [
            {
              "enabled": false,
              "icon": {
                "color": "#000000",
                "path": "material/home"
              },
              "items": [],
              "label": "Control",
              "style": {
                "classes": ""
              },
              "target": "/Control"
            },
            {
              "enabled": true,
              "icon": {
                "color": "#000000",
                "path": "material/visibility"
              },
              "items": [],
              "label": "Supervisión",
              "style": {
                "classes": ""
              },
              "target": "/Supervision"
            },
            {
              "enabled": true,
              "icon": {
                "color": "#000000",
                "path": "material/history"
              },
              "items": [],
              "label": "Historicos",
              "style": {
                "classes": ""
              },
              "target": "/Historicos"
            },
            {
              "enabled": true,
              "icon": {
                "color": "#000000",
                "path": "material/notifications"
              },
              "items": [],
              "label": "Alarmas",
              "style": {
                "classes": ""
              },
              "target": "/Alarmas"
            },
            {
              "enabled": true,
              "icon": {
                "path": ""
              },
              "items": [],
              "label": "Info",
              "style": {
                "classes": ""
              },
              "target": "https://unal-apm-a3j-autoseats.github.io/Web-A3J-AUTOSEATS/"
            }
          ]
        },
        "type": "ia.navigation.horizontalmenu"
      },
      {
        "meta": {
          "name": "Image"
        },
        "position": {
          "height": 50,
          "width": 100
        },
        "props": {
          "fit": {
            "mode": "fill"
          },
          "source": "/system/images/Builtin/logo_small.png"
        },
        "type": "ia.display.image"
      },
      {
        "meta": {
          "name": "Label_1"
        },
        "position": {
          "height": 32,
          "width": 700,
          "y": 170
        },
        "props": {
          "text": "Control de celda:",
          "textStyle": {
            "fontSize": 20,
            "fontWeight": "bold",
            "textAlign": "center"
          }
        },
        "type": "ia.display.label"
      },
      {
        "meta": {
          "name": "Label_0"
        },
        "position": {
          "height": 32,
          "width": 700,
          "y": 112
        },
        "props": {
          "text": "Proyecto APM - 2022-I",
          "textStyle": {
            "fontSize": 20,
            "fontWeight": "bold",
            "textAlign": "center"
          }
        },
        "type": "ia.display.label"
      },
      {
        "meta": {
          "name": "Label"
        },
        "position": {
          "height": 32,
          "width": 700,
          "y": 80
        },
        "props": {
          "text": "SCADA Celda Soldadura Robotizada - A3J Autoseats",
          "textStyle": {
            "fontSize": 25,
            "fontWeight": "bold",
            "textAlign": "center"
          }
        },
        "type": "ia.display.label"
      },
      {
        "events": {
          "dom": {
            "onClick": {
              "config": {
                "script": "\timport time\n\tsystem.tag.write(\"[default]APM_Proyecto/Celda_Soldadura/Stop_SCADA_Soldadura\",1)\n\ttime.sleep(1)\n\tsystem.tag.write(\"[default]APM_Proyecto/Celda_Soldadura/Stop_SCADA_Soldadura\",0)"
              },
              "scope": "G",
              "type": "script"
            }
          }
        },
        "meta": {
          "name": "Button"
        },
        "position": {
          "height": 34,
          "width": 120,
          "x": 194.5,
          "y": 278
        },
        "props": {
          "style": {
            "backgroundColor": "#D92C2C"
          },
          "text": "Stop",
          "textStyle": {
            "fontSize": 20
          }
        },
        "type": "ia.input.button"
      },
      {
        "events": {
          "dom": {
            "onClick": {
              "config": {
                "script": "\timport time\n\tsystem.tag.write(\"[default]APM_Proyecto/Celda_Soldadura/Start_SCADA_Soldadura\",1)\n\ttime.sleep(1)\n\tsystem.tag.write(\"[default]APM_Proyecto/Celda_Soldadura/Start_SCADA_Soldadura\",0)"
              },
              "scope": "G",
              "type": "script"
            }
          }
        },
        "meta": {
          "name": "Button_1"
        },
        "position": {
          "height": 34,
          "width": 120,
          "x": 194,
          "y": 230
        },
        "props": {
          "style": {
            "backgroundColor": "#30D92C"
          },
          "text": "Start",
          "textStyle": {
            "fontSize": 20
          }
        },
        "type": "ia.input.button"
      },
      {
        "children": [
          {
            "meta": {
              "name": "Image"
            },
            "position": {
              "height": 180,
              "width": 180,
              "x": 10,
              "y": 10
            },
            "props": {
              "fit": {
                "mode": "fill"
              },
              "source": "/system/images/Builtin/Celda_Soldadura.png"
            },
            "type": "ia.display.image"
          }
        ],
        "meta": {
          "name": "CoordinateContainer"
        },
        "position": {
          "height": 200,
          "width": 200,
          "x": 121,
          "y": 431
        },
        "propConfig": {
          "props.style.backgroundColor": {
            "binding": {
              "config": {
                "fallbackDelay": 2.5,
                "mode": "direct",
                "tagPath": "[default]APM_Proyecto/Celda_Soldadura/Estado_Soldadura"
              },
              "transforms": [
                {
                  "fallback": "#000000",
                  "inputType": "scalar",
                  "mappings": [
                    {
                      "input": 1,
                      "output": "#00AC00"
                    },
                    {
                      "input": 2,
                      "output": "#FF0000"
                    },
                    {
                      "input": 3,
                      "output": "#EDBE22"
                    }
                  ],
                  "outputType": "color",
                  "type": "map"
                }
              ],
              "type": "tag"
            }
          }
        },
        "type": "ia.container.coord"
      },
      {
        "meta": {
          "name": "Label_2"
        },
        "position": {
          "height": 32,
          "width": 256,
          "x": 337.5,
          "y": 502.206
        },
        "props": {
          "text": "Comunicación:",
          "textStyle": {
            "fontSize": 20,
            "fontWeight": "bold",
            "textAlign": "center"
          }
        },
        "type": "ia.display.label"
      },
      {
        "meta": {
          "name": "Label_3"
        },
        "position": {
          "height": 32,
          "width": 164,
          "x": 383.5,
          "y": 530.806
        },
        "props": {
          "text": "Desconectado",
          "textStyle": {
            "backgroundColor": "#FF0000",
            "color": "#FFFFFF",
            "fontSize": 20,
            "fontWeight": "normal",
            "textAlign": "center"
          }
        },
        "type": "ia.display.label"
      },
      {
        "meta": {
          "name": "Label_7"
        },
        "position": {
          "height": 32,
          "width": 164,
          "x": 383.5,
          "y": 459.807
        },
        "propConfig": {
          "props.style.backgroundColor": {
            "binding": {
              "config": {
                "fallbackDelay": 2.5,
                "mode": "direct",
                "tagPath": "[default]APM_Proyecto/Celda_Soldadura/Active_Soldadura"
              },
              "transforms": [
                {
                  "fallback": "#000000",
                  "inputType": "scalar",
                  "mappings": [
                    {
                      "input": true,
                      "output": "#00FF00"
                    },
                    {
                      "input": false,
                      "output": "#FF0000"
                    }
                  ],
                  "outputType": "color",
                  "type": "map"
                }
              ],
              "type": "tag"
            }
          },
          "props.text": {
            "binding": {
              "config": {
                "fallbackDelay": 2.5,
                "mode": "direct",
                "tagPath": "[default]APM_Proyecto/Celda_Soldadura/Active_Soldadura"
              },
              "transforms": [
                {
                  "fallback": null,
                  "inputType": "scalar",
                  "mappings": [
                    {
                      "input": true,
                      "output": "Habilitada"
                    },
                    {
                      "input": false,
                      "output": "Deshabilitada"
                    }
                  ],
                  "outputType": "scalar",
                  "type": "map"
                }
              ],
              "type": "tag"
            }
          },
          "props.textStyle.backgroundColor": {
            "binding": {
              "config": {
                "fallbackDelay": 2.5,
                "mode": "direct",
                "tagPath": "[default]APM_Proyecto/Celda_Extruccion_PP/Active_PP"
              },
              "transforms": [
                {
                  "fallback": "#000000",
                  "inputType": "scalar",
                  "mappings": [
                    {
                      "input": true,
                      "output": "#00AC00"
                    },
                    {
                      "input": false,
                      "output": "#FF0000"
                    }
                  ],
                  "outputType": "color",
                  "type": "map"
                }
              ],
              "type": "tag"
            }
          }
        },
        "props": {
          "textStyle": {
            "color": "#FFFFFF",
            "fontSize": 20,
            "fontWeight": "normal",
            "textAlign": "center"
          }
        },
        "type": "ia.display.label"
      },
      {
        "meta": {
          "name": "Label_8"
        },
        "position": {
          "height": 32,
          "width": 256,
          "x": 337.5,
          "y": 431.207
        },
        "props": {
          "text": "Producción:",
          "textStyle": {
            "fontSize": 20,
            "fontWeight": "bold",
            "textAlign": "center"
          }
        },
        "type": "ia.display.label"
      },
      {
        "meta": {
          "name": "Label_4"
        },
        "position": {
          "height": 32,
          "width": 164,
          "x": 383.5,
          "y": 600.806
        },
        "propConfig": {
          "props.text": {
            "binding": {
              "config": {
                "fallbackDelay": 2.5,
                "mode": "direct",
                "tagPath": "[default]APM_Proyecto/Producto"
              },
              "transforms": [
                {
                  "fallback": null,
                  "inputType": "scalar",
                  "mappings": [
                    {
                      "input": 0,
                      "output": "Silla compleja"
                    },
                    {
                      "input": 1,
                      "output": "Silla Sencilla"
                    }
                  ],
                  "outputType": "scalar",
                  "type": "map"
                }
              ],
              "type": "tag"
            }
          },
          "props.textStyle.backgroundColor": {
            "binding": {
              "config": {
                "fallbackDelay": 2.5,
                "mode": "direct",
                "tagPath": "[default]APM_Proyecto/Producto"
              },
              "transforms": [
                {
                  "fallback": "#000000",
                  "inputType": "scalar",
                  "mappings": [
                    {
                      "input": 0,
                      "output": "#00FFFF"
                    },
                    {
                      "input": 1,
                      "output": "#FF00FF"
                    }
                  ],
                  "outputType": "color",
                  "type": "map"
                }
              ],
              "type": "tag"
            }
          }
        },
        "props": {
          "textStyle": {
            "color": "#000000",
            "fontSize": 20,
            "fontWeight": "normal",
            "textAlign": "center"
          }
        },
        "type": "ia.display.label"
      },
      {
        "meta": {
          "name": "Label_5"
        },
        "position": {
          "height": 32,
          "width": 256,
          "x": 337.5,
          "y": 572.206
        },
        "props": {
          "text": "Producto:",
          "textStyle": {
            "fontSize": 20,
            "fontWeight": "bold",
            "textAlign": "center"
          }
        },
        "type": "ia.display.label"
      },
      {
        "events": {
          "dom": {
            "onClick": {
              "config": {
                "script": "\timport time\n\tsystem.tag.write(\"[default]APM_Proyecto/Celda_Soldadura/Emer_Stop_SCADA_Soldadura\",1)\n\ttime.sleep(1)\n\tsystem.tag.write(\"[default]APM_Proyecto/Celda_Soldadura/Emer_Stop_SCADA_Soldadura\",0)"
              },
              "scope": "G",
              "type": "script"
            }
          }
        },
        "meta": {
          "name": "Button_2"
        },
        "position": {
          "height": 34,
          "width": 180,
          "x": 326,
          "y": 278
        },
        "props": {
          "style": {
            "backgroundColor": "#D92C2C"
          },
          "text": "Emergency Stop",
          "textStyle": {
            "fontSize": 20
          }
        },
        "type": "ia.input.button"
      },
      {
        "meta": {
          "name": "Checkbox"
        },
        "position": {
          "height": 36,
          "width": 178,
          "x": 327.5,
          "y": 229.00000610351563
        },
        "propConfig": {
          "props.selected": {
            "binding": {
              "config": {
                "bidirectional": true,
                "fallbackDelay": 2.5,
                "mode": "direct",
                "tagPath": "[default]APM_Proyecto/Celda_Soldadura/Mantenimiento_Soldadura"
              },
              "type": "tag"
            }
          }
        },
        "props": {
          "style": {
            "backgroundColor": "#EDBE22",
            "color": "#FFFFFF",
            "fontSize": 18,
            "fontWeight": "bold"
          },
          "text": "Mantenimiento"
        },
        "type": "ia.input.checkbox"
      },
      {
        "meta": {
          "name": "Label_9"
        },
        "position": {
          "height": 32,
          "width": 199,
          "x": 120.5,
          "y": 397.61
        },
        "props": {
          "text": "Estado celda:",
          "textStyle": {
            "fontSize": 20,
            "fontWeight": "bold",
            "textAlign": "center"
          }
        },
        "type": "ia.display.label"
      },
      {
        "meta": {
          "name": "Label_10"
        },
        "position": {
          "height": 32,
          "rotate": {
            "angle": -90
          },
          "width": 201,
          "x": 264.68530303030303,
          "y": 513.7053030303031
        },
        "props": {
          "text": "SCADA CLOUD",
          "textStyle": {
            "fontSize": 20,
            "fontWeight": "bold",
            "textAlign": "center"
          }
        },
        "type": "ia.display.label"
      },
      {
        "meta": {
          "name": "NumericEntryField"
        },
        "position": {
          "height": 37,
          "width": 41,
          "x": 18,
          "y": 598.2999877929688
        },
        "propConfig": {
          "props.value": {
            "binding": {
              "config": {
                "bidirectional": true,
                "fallbackDelay": 2.5,
                "mode": "direct",
                "tagPath": "[default]APM_Proyecto/Control_Disp_Fisicos"
              },
              "type": "tag"
            }
          }
        },
        "type": "ia.input.numeric-entry-field"
      }
    ],
    "meta": {
      "name": "root"
    },
    "type": "ia.container.coord"
  }
}