{
  "custom": {},
  "params": {},
  "props": {
    "defaultSize": {
      "width": 700
    }
  },
  "root": {
    "children": [
      {
        "meta": {
          "name": "HorizontalMenu"
        },
        "position": {
          "height": 50,
          "width": 600,
          "x": 100
        },
        "props": {
          "items": [
            {
              "enabled": true,
              "icon": {
                "color": "#000000",
                "path": "material/home"
              },
              "items": [],
              "label": "Control",
              "style": {
                "classes": ""
              },
              "target": "/Control"
            },
            {
              "enabled": true,
              "icon": {
                "color": "#000000",
                "path": "material/visibility"
              },
              "items": [],
              "label": "Supervisión",
              "style": {
                "classes": ""
              },
              "target": "/Supervision"
            },
            {
              "enabled": true,
              "icon": {
                "color": "#000000",
                "path": "material/history"
              },
              "items": [],
              "label": "Historicos",
              "style": {
                "classes": ""
              },
              "target": "/Historicos"
            },
            {
              "enabled": true,
              "icon": {
                "color": "#000000",
                "path": "material/notifications"
              },
              "items": [],
              "label": "Alarmas",
              "style": {
                "classes": ""
              },
              "target": "/Alarmas"
            },
            {
              "enabled": true,
              "icon": {
                "path": ""
              },
              "items": [],
              "label": "Info",
              "style": {
                "classes": ""
              },
              "target": "https://unal-apm-a3j-autoseats.github.io/Web-A3J-AUTOSEATS/"
            }
          ]
        },
        "type": "ia.navigation.horizontalmenu"
      },
      {
        "meta": {
          "name": "Image"
        },
        "position": {
          "height": 50,
          "width": 100
        },
        "props": {
          "fit": {
            "mode": "fill"
          },
          "source": "/system/images/Builtin/logo_small.png"
        },
        "type": "ia.display.image"
      },
      {
        "meta": {
          "name": "Label_1"
        },
        "position": {
          "height": 32,
          "width": 700,
          "y": 170
        },
        "props": {
          "text": "Supervisión de celda:",
          "textStyle": {
            "fontSize": 20,
            "fontWeight": "bold",
            "textAlign": "center"
          }
        },
        "type": "ia.display.label"
      },
      {
        "meta": {
          "name": "Label_0"
        },
        "position": {
          "height": 32,
          "width": 700,
          "y": 112
        },
        "props": {
          "text": "Proyecto APM - 2022-I",
          "textStyle": {
            "fontSize": 20,
            "fontWeight": "bold",
            "textAlign": "center"
          }
        },
        "type": "ia.display.label"
      },
      {
        "meta": {
          "name": "Label_2"
        },
        "position": {
          "height": 32,
          "width": 700,
          "y": 256
        },
        "props": {
          "text": "Actuadores:",
          "textStyle": {
            "fontSize": 20,
            "fontWeight": "bold",
            "textAlign": "center"
          }
        },
        "type": "ia.display.label"
      },
      {
        "meta": {
          "name": "Label_4"
        },
        "position": {
          "height": 32,
          "width": 700,
          "y": 581
        },
        "props": {
          "text": "Sensores:",
          "textStyle": {
            "fontSize": 20,
            "fontWeight": "bold",
            "textAlign": "center"
          }
        },
        "type": "ia.display.label"
      },
      {
        "meta": {
          "name": "Sensor"
        },
        "position": {
          "height": 120,
          "width": 119,
          "x": 230,
          "y": 634
        },
        "propConfig": {
          "props.style.fill": {
            "binding": {
              "config": {
                "fallbackDelay": 2.5,
                "mode": "direct",
                "tagPath": "[default]APM_Proyecto/Celda_Soldadura/Soldadura_Sensor_Salida_Aux"
              },
              "transforms": [
                {
                  "fallback": "#000000",
                  "inputType": "scalar",
                  "mappings": [
                    {
                      "input": true,
                      "output": "#00AC00"
                    },
                    {
                      "input": false,
                      "output": "#FF0000"
                    }
                  ],
                  "outputType": "color",
                  "type": "map"
                }
              ],
              "type": "tag"
            }
          }
        },
        "props": {
          "appearance": "mimic",
          "label": {
            "location": "bottom",
            "text": "Banda salida inicio"
          },
          "value": {
            "location": "bottom",
            "text": ""
          }
        },
        "type": "ia.symbol.sensor"
      },
      {
        "meta": {
          "name": "Motor"
        },
        "position": {
          "height": 100,
          "width": 100,
          "x": 149.5,
          "y": 370.6000015258789
        },
        "propConfig": {
          "props.style.fill": {
            "binding": {
              "config": {
                "fallbackDelay": 2.5,
                "mode": "direct",
                "tagPath": "[default]APM_Proyecto/Celda_Soldadura/Soldadura_Banda_Salida"
              },
              "transforms": [
                {
                  "fallback": "#000000",
                  "inputType": "scalar",
                  "mappings": [
                    {
                      "input": true,
                      "output": "#00AC00"
                    },
                    {
                      "input": false,
                      "output": "#FF0000"
                    }
                  ],
                  "outputType": "color",
                  "type": "map"
                }
              ],
              "type": "tag"
            }
          },
          "props.value.text": {
            "binding": {
              "config": {
                "fallbackDelay": 2.5,
                "mode": "direct",
                "tagPath": "[default]APM_Proyecto/Celda_Soldadura/Soldadura_Banda_Salida"
              },
              "transforms": [
                {
                  "fallback": null,
                  "inputType": "scalar",
                  "mappings": [
                    {
                      "input": true,
                      "output": "Activada"
                    },
                    {
                      "input": false,
                      "output": "Desactivada"
                    }
                  ],
                  "outputType": "scalar",
                  "type": "map"
                }
              ],
              "type": "tag"
            }
          }
        },
        "props": {
          "appearance": "mimic",
          "label": {
            "text": "Banda salida"
          },
          "value": {}
        },
        "type": "ia.symbol.motor"
      },
      {
        "meta": {
          "name": "Motor_2"
        },
        "position": {
          "height": 100,
          "width": 100,
          "x": 50,
          "y": 370.2000015258789
        },
        "propConfig": {
          "props.style.fill": {
            "binding": {
              "config": {
                "fallbackDelay": 2.5,
                "mode": "direct",
                "tagPath": "[default]APM_Proyecto/Celda_Soldadura/Soldadura_Banda_Entrada"
              },
              "transforms": [
                {
                  "fallback": "#000000",
                  "inputType": "scalar",
                  "mappings": [
                    {
                      "input": true,
                      "output": "#00AC00"
                    },
                    {
                      "input": false,
                      "output": "#FF0000"
                    }
                  ],
                  "outputType": "color",
                  "type": "map"
                }
              ],
              "type": "tag"
            }
          },
          "props.value.text": {
            "binding": {
              "config": {
                "fallbackDelay": 2.5,
                "mode": "direct",
                "tagPath": "[default]APM_Proyecto/Celda_Soldadura/Soldadura_Banda_Entrada"
              },
              "transforms": [
                {
                  "fallback": null,
                  "inputType": "scalar",
                  "mappings": [
                    {
                      "input": true,
                      "output": "Activada"
                    },
                    {
                      "input": false,
                      "output": "Desactivada"
                    }
                  ],
                  "outputType": "scalar",
                  "type": "map"
                }
              ],
              "type": "tag"
            }
          }
        },
        "props": {
          "appearance": "mimic",
          "label": {
            "text": "Banda entrada"
          },
          "value": {}
        },
        "type": "ia.symbol.motor"
      },
      {
        "meta": {
          "name": "Sensor_1"
        },
        "position": {
          "height": 120,
          "width": 119,
          "x": 105,
          "y": 633
        },
        "propConfig": {
          "props.style.fill": {
            "binding": {
              "config": {
                "fallbackDelay": 2.5,
                "mode": "direct",
                "tagPath": "[default]APM_Proyecto/Celda_Soldadura/Soldadura_Sensor_Entrada_Aux"
              },
              "transforms": [
                {
                  "fallback": "#000000",
                  "inputType": "scalar",
                  "mappings": [
                    {
                      "input": true,
                      "output": "#00AC00"
                    },
                    {
                      "input": false,
                      "output": "#FF0000"
                    }
                  ],
                  "outputType": "color",
                  "type": "map"
                }
              ],
              "type": "tag"
            }
          }
        },
        "props": {
          "appearance": "mimic",
          "label": {
            "location": "bottom",
            "text": "Banda entrada inicio"
          },
          "value": {
            "location": "bottom",
            "text": ""
          }
        },
        "type": "ia.symbol.sensor"
      },
      {
        "meta": {
          "name": "Sensor_0"
        },
        "position": {
          "height": 120,
          "width": 115,
          "x": 480,
          "y": 634
        },
        "propConfig": {
          "props.style.fill": {
            "binding": {
              "config": {
                "fallbackDelay": 2.5,
                "mode": "direct",
                "tagPath": "[default]APM_Proyecto/Celda_Soldadura/Soldadura_Sensor_Salida"
              },
              "transforms": [
                {
                  "fallback": "#000000",
                  "inputType": "scalar",
                  "mappings": [
                    {
                      "input": true,
                      "output": "#00AC00"
                    },
                    {
                      "input": false,
                      "output": "#FF0000"
                    }
                  ],
                  "outputType": "color",
                  "type": "map"
                }
              ],
              "type": "tag"
            }
          }
        },
        "props": {
          "appearance": "mimic",
          "label": {
            "location": "bottom",
            "text": "Banda salida final"
          },
          "value": {
            "location": "bottom",
            "text": ""
          }
        },
        "type": "ia.symbol.sensor"
      },
      {
        "meta": {
          "name": "Sensor_2"
        },
        "position": {
          "height": 120,
          "width": 119,
          "x": 355,
          "y": 634
        },
        "propConfig": {
          "props.style.fill": {
            "binding": {
              "config": {
                "fallbackDelay": 2.5,
                "mode": "direct",
                "tagPath": "[default]APM_Proyecto/Celda_Soldadura/Soldadura_Sensor_Entrada"
              },
              "transforms": [
                {
                  "fallback": "#000000",
                  "inputType": "scalar",
                  "mappings": [
                    {
                      "input": true,
                      "output": "#00AC00"
                    },
                    {
                      "input": false,
                      "output": "#FF0000"
                    }
                  ],
                  "outputType": "color",
                  "type": "map"
                }
              ],
              "type": "tag"
            }
          }
        },
        "props": {
          "appearance": "mimic",
          "label": {
            "location": "bottom",
            "text": "Banda entrada final"
          },
          "value": {
            "location": "bottom",
            "text": ""
          }
        },
        "type": "ia.symbol.sensor"
      },
      {
        "meta": {
          "name": "LedDisplay"
        },
        "position": {
          "height": 32,
          "width": 128,
          "x": 499,
          "y": 346
        },
        "props": {
          "backgroundColor": "#FFFFFF00",
          "diodeOffColor": "#FFFFFF00",
          "diodeOnColor": "#000000"
        },
        "type": "ia.display.led-display"
      },
      {
        "meta": {
          "name": "LedDisplay_0"
        },
        "position": {
          "height": 32,
          "width": 128,
          "x": 499,
          "y": 381
        },
        "props": {
          "backgroundColor": "#FFFFFF00",
          "diodeOffColor": "#FFFFFF00",
          "diodeOnColor": "#000000"
        },
        "type": "ia.display.led-display"
      },
      {
        "meta": {
          "name": "LedDisplay_1"
        },
        "position": {
          "height": 32,
          "width": 128,
          "x": 499,
          "y": 416
        },
        "props": {
          "backgroundColor": "#FFFFFF00",
          "diodeOffColor": "#FFFFFF00",
          "diodeOnColor": "#000000"
        },
        "type": "ia.display.led-display"
      },
      {
        "meta": {
          "name": "LedDisplay_2"
        },
        "position": {
          "height": 32,
          "width": 128,
          "x": 499,
          "y": 451
        },
        "props": {
          "backgroundColor": "#FFFFFF00",
          "diodeOffColor": "#FFFFFF00",
          "diodeOnColor": "#000000"
        },
        "type": "ia.display.led-display"
      },
      {
        "meta": {
          "name": "LedDisplay_3"
        },
        "position": {
          "height": 32,
          "width": 128,
          "x": 499,
          "y": 486
        },
        "props": {
          "backgroundColor": "#FFFFFF00",
          "diodeOffColor": "#FFFFFF00",
          "diodeOnColor": "#000000"
        },
        "type": "ia.display.led-display"
      },
      {
        "meta": {
          "name": "LedDisplay_4"
        },
        "position": {
          "height": 32,
          "width": 128,
          "x": 499,
          "y": 521
        },
        "props": {
          "backgroundColor": "#FFFFFF00",
          "diodeOffColor": "#FFFFFF00",
          "diodeOnColor": "#000000"
        },
        "type": "ia.display.led-display"
      },
      {
        "meta": {
          "name": "Label_5"
        },
        "position": {
          "height": 32,
          "width": 49,
          "x": 448,
          "y": 346
        },
        "props": {
          "text": "R1:",
          "textStyle": {
            "fontSize": 20,
            "fontWeight": "normal",
            "textAlign": "right"
          }
        },
        "type": "ia.display.label"
      },
      {
        "meta": {
          "name": "Label_6"
        },
        "position": {
          "height": 32,
          "width": 49,
          "x": 448,
          "y": 381
        },
        "props": {
          "text": "R2:",
          "textStyle": {
            "fontSize": 20,
            "fontWeight": "normal",
            "textAlign": "right"
          }
        },
        "type": "ia.display.label"
      },
      {
        "meta": {
          "name": "Label_7"
        },
        "position": {
          "height": 32,
          "width": 49,
          "x": 448,
          "y": 416
        },
        "props": {
          "text": "R3:",
          "textStyle": {
            "fontSize": 20,
            "fontWeight": "normal",
            "textAlign": "right"
          }
        },
        "type": "ia.display.label"
      },
      {
        "meta": {
          "name": "Label_8"
        },
        "position": {
          "height": 32,
          "width": 49,
          "x": 448,
          "y": 451
        },
        "props": {
          "text": "R4:",
          "textStyle": {
            "fontSize": 20,
            "fontWeight": "normal",
            "textAlign": "right"
          }
        },
        "type": "ia.display.label"
      },
      {
        "meta": {
          "name": "Label_9"
        },
        "position": {
          "height": 32,
          "width": 49,
          "x": 448,
          "y": 486
        },
        "props": {
          "text": "R5:",
          "textStyle": {
            "fontSize": 20,
            "fontWeight": "normal",
            "textAlign": "right"
          }
        },
        "type": "ia.display.label"
      },
      {
        "meta": {
          "name": "Label_10"
        },
        "position": {
          "height": 32,
          "width": 49,
          "x": 448,
          "y": 521
        },
        "props": {
          "text": "R6:",
          "textStyle": {
            "fontSize": 20,
            "fontWeight": "normal",
            "textAlign": "right"
          }
        },
        "type": "ia.display.label"
      },
      {
        "meta": {
          "name": "Label_11"
        },
        "position": {
          "height": 32,
          "width": 175,
          "x": 449,
          "y": 311
        },
        "props": {
          "text": "Robot",
          "textStyle": {
            "fontSize": 20,
            "fontWeight": "bold",
            "textAlign": "center"
          }
        },
        "type": "ia.display.label"
      },
      {
        "meta": {
          "name": "LedDisplay_5"
        },
        "position": {
          "height": 32,
          "width": 128,
          "x": 286,
          "y": 410.5999984741211
        },
        "propConfig": {
          "props.value": {
            "binding": {
              "config": {
                "fallbackDelay": 2.5,
                "mode": "direct",
                "tagPath": "[default]APM_Proyecto/Celda_Soldadura/Soldadura_Sensor_Pos_Matriz"
              },
              "type": "tag"
            }
          }
        },
        "props": {
          "backgroundColor": "#FFFFFF00",
          "diodeOffColor": "#FFFFFF00",
          "diodeOnColor": "#000000"
        },
        "type": "ia.display.led-display"
      },
      {
        "meta": {
          "name": "Label_12"
        },
        "position": {
          "height": 32,
          "width": 122,
          "x": 287.5,
          "y": 375.5999984741211
        },
        "props": {
          "text": "Matriz",
          "textStyle": {
            "fontSize": 20,
            "fontWeight": "bold",
            "textAlign": "center"
          }
        },
        "type": "ia.display.label"
      },
      {
        "meta": {
          "name": "Label_13"
        },
        "position": {
          "height": 32,
          "width": 18,
          "x": 627,
          "y": 340
        },
        "props": {
          "text": "°",
          "textStyle": {
            "fontSize": 20,
            "fontWeight": "normal",
            "textAlign": "left"
          }
        },
        "type": "ia.display.label"
      },
      {
        "meta": {
          "name": "Label_14"
        },
        "position": {
          "height": 32,
          "width": 18,
          "x": 627,
          "y": 375
        },
        "props": {
          "text": "°",
          "textStyle": {
            "fontSize": 20,
            "fontWeight": "normal",
            "textAlign": "left"
          }
        },
        "type": "ia.display.label"
      },
      {
        "meta": {
          "name": "Label_15"
        },
        "position": {
          "height": 32,
          "width": 18,
          "x": 627,
          "y": 410
        },
        "props": {
          "text": "°",
          "textStyle": {
            "fontSize": 20,
            "fontWeight": "normal",
            "textAlign": "left"
          }
        },
        "type": "ia.display.label"
      },
      {
        "meta": {
          "name": "Label_16"
        },
        "position": {
          "height": 32,
          "width": 18,
          "x": 627,
          "y": 445
        },
        "props": {
          "text": "°",
          "textStyle": {
            "fontSize": 20,
            "fontWeight": "normal",
            "textAlign": "left"
          }
        },
        "type": "ia.display.label"
      },
      {
        "meta": {
          "name": "Label_17"
        },
        "position": {
          "height": 32,
          "width": 18,
          "x": 627,
          "y": 480
        },
        "props": {
          "text": "°",
          "textStyle": {
            "fontSize": 20,
            "fontWeight": "normal",
            "textAlign": "left"
          }
        },
        "type": "ia.display.label"
      },
      {
        "meta": {
          "name": "Label_18"
        },
        "position": {
          "height": 32,
          "width": 18,
          "x": 627,
          "y": 515
        },
        "props": {
          "text": "°",
          "textStyle": {
            "fontSize": 20,
            "fontWeight": "normal",
            "textAlign": "left"
          }
        },
        "type": "ia.display.label"
      },
      {
        "meta": {
          "name": "Label_19"
        },
        "position": {
          "height": 32,
          "width": 18,
          "x": 414.5,
          "y": 404.599998474
        },
        "props": {
          "text": "°",
          "textStyle": {
            "fontSize": 20,
            "fontWeight": "normal",
            "textAlign": "left"
          }
        },
        "type": "ia.display.label"
      },
      {
        "meta": {
          "name": "Label"
        },
        "position": {
          "height": 32,
          "width": 700,
          "y": 80
        },
        "props": {
          "text": "SCADA Celda Soldadura Robotizada - A3J Autoseats",
          "textStyle": {
            "fontSize": 25,
            "fontWeight": "bold",
            "textAlign": "center"
          }
        },
        "type": "ia.display.label"
      }
    ],
    "meta": {
      "name": "root"
    },
    "type": "ia.container.coord"
  }
}