<?xml version='1.0' encoding='UTF-8'?>
<system creation-date="2022-07-05 11:20:02.703000" desc="" enable="False" id="B0C08751-19F8-4E79-9174-5B52AF59CCFB" last-modified-date="" name="IRB_2600_12kg_1.65m_1"><applications><application name="RobotWare" version="6.12.0184"><settings><system-xml path="C:\Users\Sebastian\Documents\RobotStudio\Solutions\RSF.rspag\Systems\IRB_2600_12kg_1.65m_1\system.xml" /><key-id path="C:\Users\Sebastian\Documents\RobotStudio\Solutions\RSF.rspag\Systems\IRB_2600_12kg_1.65m_1\INTERNAL\key.id" /><setting-file path="C:\Users\Sebastian\Documents\RobotStudio\Solutions\RSF.rspag\Systems\IRB_2600_12kg_1.65m_1\INTERNAL\controller.rsf" /></settings></application></applications></system>